Province,Municipality,City
Eastern Cape,Buffalo City Metropolitan,Beacon Bay
Eastern Cape,Buffalo City Metropolitan,Bisho
Eastern Cape,Buffalo City Metropolitan,Breidbach,
Eastern Cape,Buffalo City Metropolitan,Dimbaza
Eastern Cape,Buffalo City Metropolitan,East London
Eastern Cape,Buffalo City Metropolitan,Kidd's Beach
Eastern Cape,Buffalo City Metropolitan,Mdantsane
Eastern Cape,Buffalo City Metropolitan,Ntabozuko (Berlin)
Eastern Cape,Buffalo City Metropolitan,Phakamisa
Eastern Cape,Buffalo City Metropolitan,Potsdam
Eastern Cape,Buffalo City Metropolitan,Qonce (King William's Town),
Eastern Cape,Buffalo City Metropolitan,Zwelitsha
Eastern Cape,Nelson Mandela Bay Metropolitan,Bethelsdorp
Eastern Cape,Nelson Mandela Bay Metropolitan,Bloemendal
Eastern Cape,Nelson Mandela Bay Metropolitan,Blue Horizon Bay
Eastern Cape,Nelson Mandela Bay Metropolitan,Clarendon Marine
Eastern Cape,Nelson Mandela Bay Metropolitan,Despatch
Eastern Cape,Nelson Mandela Bay Metropolitan,Gqeberha (Port Elizabeth)
Eastern Cape,Nelson Mandela Bay Metropolitan,Kariega (Uitenhage)
Eastern Cape,Nelson Mandela Bay Metropolitan,KwaNobuhle
Eastern Cape,Nelson Mandela Bay Metropolitan,Motherwell
Eastern Cape,Nelson Mandela Bay Metropolitan,Summerstrand
Eastern Cape,Nelson Mandela Bay Metropolitan,Swartkops
Eastern Cape,Alfred Nzo District,Bizana
Eastern Cape,Alfred Nzo District,Cedarville
Eastern Cape,Alfred Nzo District,KwaBhaca (Mount Frere)
Eastern Cape,Alfred Nzo District,Matatiele
Eastern Cape,Alfred Nzo District,Tabankulu
Eastern Cape,Alfred Nzo District,eMaxesibeni (Mount Ayliff)
Eastern Cape,Amathole District,Adelaide
Eastern Cape,Amathole District,Alice
Eastern Cape,Amathole District,Amatola Coastal
Eastern Cape,Amathole District,Bedford
Eastern Cape,Amathole District,Butterworth
Eastern Cape,Amathole District,Cathcart
Eastern Cape,Amathole District,Dutywa
Eastern Cape,Amathole District,Elliotdale
Eastern Cape,Amathole District,Hamburg
Eastern Cape,Amathole District,Hogsback
Eastern Cape,Amathole District,Kei Mouth
Eastern Cape,Amathole District,Kei Road
Eastern Cape,Amathole District,Keiskammahoek
Eastern Cape,Amathole District,Kentani
Eastern Cape,Amathole District,Komga
Eastern Cape,Amathole District,KwaMaqoma (Fort Beaufort)
Eastern Cape,Amathole District,Middeldrift
Eastern Cape,Amathole District,Morgan Bay
Eastern Cape,Amathole District,Ngqamakhwe
Eastern Cape,Amathole District,Peddie
Eastern Cape,Amathole District,Seymore
Eastern Cape,Amathole District,Stutterheim
Eastern Cape,Amathole District,Tshoxa
Eastern Cape,Amathole District,Willowvale
Eastern Cape,Chris Hani District,Cacadu (Lady Frere)
Eastern Cape,Chris Hani District,Cala
Eastern Cape,Chris Hani District,Cofimvaba
Eastern Cape,Chris Hani District,Dordrecht
Eastern Cape,Chris Hani District,Engcobo
Eastern Cape,Chris Hani District,Hofmeyr
Eastern Cape,Chris Hani District,Indwe
Eastern Cape,Chris Hani District,Khowa (Elliot)
Eastern Cape,Chris Hani District,Komani (Queenstown)
Eastern Cape,Chris Hani District,Middelburg
Eastern Cape,Chris Hani District,Molteno
Eastern Cape,Chris Hani District,Mount Zebra National Park
Eastern Cape,Chris Hani District,Nxuba (Cradock)
Eastern Cape,Chris Hani District,Sada
Eastern Cape,Chris Hani District,Sterkstroom
Eastern Cape,Chris Hani District,Tarkastad
Eastern Cape,Chris Hani District,Tsomo
Eastern Cape,Chris Hani District,Whittlesea
Eastern Cape,Joe Gqabi District,Aliwal North
Eastern Cape,Joe Gqabi District,Barkly East
Eastern Cape,Joe Gqabi District,Burgersdorp
Eastern Cape,Joe Gqabi District,Jamestown
Eastern Cape,Joe Gqabi District,Lady Grey
Eastern Cape,Joe Gqabi District,Nqanqarhu (MaClear)
Eastern Cape,Joe Gqabi District,Oviston
Eastern Cape,Joe Gqabi District,Rhodes
Eastern Cape,Joe Gqabi District,Rossouw
Eastern Cape,Joe Gqabi District,Sterkspruit
Eastern Cape,Joe Gqabi District,Steynsburg
Eastern Cape,Joe Gqabi District,Tlokoeng (Mount Fletcher)
Eastern Cape,Joe Gqabi District,Ugie
Eastern Cape,Joe Gqabi District,Venterstad
Eastern Cape,OR Tambo District,Flagstaff
Eastern Cape,OR Tambo District,Libode
Eastern Cape,OR Tambo District,Lusikisiki
Eastern Cape,OR Tambo District,Mqanduli
Eastern Cape,OR Tambo District,Mthatha (Umtata)
Eastern Cape,OR Tambo District,Ngqeleni
Eastern Cape,OR Tambo District,Port St Johns
Eastern Cape,OR Tambo District,Qumbu
Eastern Cape,OR Tambo District,Tsolo
Eastern Cape,Sarah Baartman District,Aberdeen
Eastern Cape,Sarah Baartman District,Addo
Eastern Cape,Sarah Baartman District,Adendorp
Eastern Cape,Sarah Baartman District,Alexandria
Eastern Cape,Sarah Baartman District,Alicedale
Eastern Cape,Sarah Baartman District,Bathurst
Eastern Cape,Sarah Baartman District,Boknes/Cannon Rocks
Eastern Cape,Sarah Baartman District,Bushmans River
Eastern Cape,Sarah Baartman District,Cape St Francis
Eastern Cape,Sarah Baartman District,Clarkson
Eastern Cape,Sarah Baartman District,Cookhouse
Eastern Cape,Sarah Baartman District,Graaff-Reinet
Eastern Cape,Sarah Baartman District,Hankey
Eastern Cape,Sarah Baartman District,Humansdorp
Eastern Cape,Sarah Baartman District,Jansenville
Eastern Cape,Sarah Baartman District,Jeffreys Bay
Eastern Cape,Sarah Baartman District,Joubertina
Eastern Cape,Sarah Baartman District,Kareedouw
Eastern Cape,Sarah Baartman District,Kendrew
Eastern Cape,Sarah Baartman District,Kenton-on-Sea
Eastern Cape,Sarah Baartman District,Klipplaat
Eastern Cape,Sarah Baartman District,Krakeel River
Eastern Cape,Sarah Baartman District,KwaNojoli (Somerset East)
Eastern Cape,Sarah Baartman District,Loerie
Eastern Cape,Sarah Baartman District,Louterwater
Eastern Cape,Sarah Baartman District,Makhanda (Grahamstown)
Eastern Cape,Sarah Baartman District,Misgund
Eastern Cape,Sarah Baartman District,Nieu-Bethesda
Eastern Cape,Sarah Baartman District,Nompumelelo
Eastern Cape,Sarah Baartman District,Nqweba (Kirkwood)
Eastern Cape,Sarah Baartman District,Oyster Bay
Eastern Cape,Sarah Baartman District,Patensie
Eastern Cape,Sarah Baartman District,Paterson
Eastern Cape,Sarah Baartman District,Pearston
Eastern Cape,Sarah Baartman District,Petersburg
Eastern Cape,Sarah Baartman District,Port Alfred
Eastern Cape,Sarah Baartman District,Riebeek East
Eastern Cape,Sarah Baartman District,Rietbron
Eastern Cape,Sarah Baartman District,Sanddrif
Eastern Cape,Sarah Baartman District,Seafield
Eastern Cape,Sarah Baartman District,Sidbury
Eastern Cape,Sarah Baartman District,St Francis Bay
Eastern Cape,Sarah Baartman District,Steytlerville
Eastern Cape,Sarah Baartman District,Storms River
Eastern Cape,Sarah Baartman District,Thornhill
Eastern Cape,Sarah Baartman District,Waterford
Eastern Cape,Sarah Baartman District,Willowmore
Eastern Cape,Sarah Baartman District,Woodlands
Free State, Mangaung Metropolitan,Bloemfontein
Free State, Mangaung Metropolitan,Botshabelo
Free State, Mangaung Metropolitan,Dewetsdorp
Free State, Mangaung Metropolitan,Mangaung
Free State, Mangaung Metropolitan,Soutpan
Free State, Mangaung Metropolitan,Thaba Nchu
Free State, Mangaung Metropolitan,Van Stadensrus
Free State, Mangaung Metropolitan,Wepener
Free State,Fezile Dabi District,Cornelia
Free State,Fezile Dabi District,Deneysville
Free State,Fezile Dabi District,Edenville
Free State,Fezile Dabi District,Frankfort
Free State,Fezile Dabi District,Heilbron
Free State,Fezile Dabi District,Koppies
Free State,Fezile Dabi District,Kragbron
Free State,Fezile Dabi District,Kroonstad
Free State,Fezile Dabi District,Oranjeville
Free State,Fezile Dabi District,Parys
Free State,Fezile Dabi District,Renovaal
Free State,Fezile Dabi District,Sasolburg
Free State,Fezile Dabi District,Steynsrus
Free State,Fezile Dabi District,Tweeling
Free State,Fezile Dabi District,Vierfontein
Free State,Fezile Dabi District,Viljoenskroon
Free State,Fezile Dabi District,Villiers
Free State,Fezile Dabi District,Vredefort
Free State,Lejweleputswa District,Allanridge
Free State,Lejweleputswa District,Boshof
Free State,Lejweleputswa District,Bothaville
Free State,Lejweleputswa District,Bultfontein
Free State,Lejweleputswa District,Dealesville
Free State,Lejweleputswa District,Hennenman
Free State,Lejweleputswa District,Hertzogville
Free State,Lejweleputswa District,Hoopstad
Free State,Lejweleputswa District,Odendaalsrus
Free State,Lejweleputswa District,Soutpan
Free State,Lejweleputswa District,Theunissen
Free State,Lejweleputswa District,Ventersburg
Free State,Lejweleputswa District,Verkeerdevlei
Free State,Lejweleputswa District,Virginia
Free State,Lejweleputswa District,Welkom
Free State,Lejweleputswa District,Wesselsbron
Free State,Lejweleputswa District,Winburg
Free State,Lejweleputswa District,Winnie Mandela (Brandfort)
Free State,Thabo Mofutsanyana District,Arlington
Free State,Thabo Mofutsanyana District,Bethlehem
Free State,Thabo Mofutsanyana District,Clarens
Free State,Thabo Mofutsanyana District,Clocolan
Free State,Thabo Mofutsanyana District,Excelsior
Free State,Thabo Mofutsanyana District,Ficksburg
Free State,Thabo Mofutsanyana District,Fouriesburg
Free State,Thabo Mofutsanyana District,Golden Gate Highlands National Park
Free State,Thabo Mofutsanyana District,Harrismith
Free State,Thabo Mofutsanyana District,Hobhouse
Free State,Thabo Mofutsanyana District,Kestell
Free State,Thabo Mofutsanyana District,Ladybrand
Free State,Thabo Mofutsanyana District,Lindley
Free State,Thabo Mofutsanyana District,Marquard
Free State,Thabo Mofutsanyana District,Memel
Free State,Thabo Mofutsanyana District,Paul Roux
Free State,Thabo Mofutsanyana District,Petrus Steyn
Free State,Thabo Mofutsanyana District,Phuthaditjhaba
Free State,Thabo Mofutsanyana District,Reitz
Free State,Thabo Mofutsanyana District,Rosendal
Free State,Thabo Mofutsanyana District,Senekal
Free State,Thabo Mofutsanyana District,Thaba Patchoa
Free State,Thabo Mofutsanyana District,Tweespruit
Free State,Thabo Mofutsanyana District,Vrede
Free State,Thabo Mofutsanyana District,Warden
Free State,Xhariep District,Bethulie
Free State,Xhariep District,Edenburg
Free State,Xhariep District,Fauresmith
Free State,Xhariep District,Gariep Dam
Free State,Xhariep District,Jacobsdal
Free State,Xhariep District,Jagersfontein
Free State,Xhariep District,Koffiefontein
Free State,Xhariep District,Luckhoff
Free State,Xhariep District,Oppermansgronde
Free State,Xhariep District,Petrusburg
Free State,Xhariep District,Philippolis
Free State,Xhariep District,Reddersburg
Free State,Xhariep District,Rouxville
Free State,Xhariep District,Smithfield
Free State,Xhariep District,Springfontein
Free State,Xhariep District,Trompsburg
Free State,Xhariep District,Waterkloof
Free State,Xhariep District,Zastron
Gauteng,City of Ekurhuleni Metropolitan,Alberton
Gauteng,City of Ekurhuleni Metropolitan,Bedfordview
Gauteng,City of Ekurhuleni Metropolitan,Benoni
Gauteng,City of Ekurhuleni Metropolitan,Birchleigh
Gauteng,City of Ekurhuleni Metropolitan,Boksburg
Gauteng,City of Ekurhuleni Metropolitan,Brakpan
Gauteng,City of Ekurhuleni Metropolitan,Clayville
Gauteng,City of Ekurhuleni Metropolitan,Daveyton
Gauteng,City of Ekurhuleni Metropolitan,Dunnottar
Gauteng,City of Ekurhuleni Metropolitan,Edenvale
Gauteng,City of Ekurhuleni Metropolitan,Geduld
Gauteng,City of Ekurhuleni Metropolitan,Germiston
Gauteng,City of Ekurhuleni Metropolitan,Katlehong
Gauteng,City of Ekurhuleni Metropolitan,Kempton Park
Gauteng,City of Ekurhuleni Metropolitan,Kwa-Thema
Gauteng,City of Ekurhuleni Metropolitan,Machenzieville
Gauteng,City of Ekurhuleni Metropolitan,Nigel
Gauteng,City of Ekurhuleni Metropolitan,Olifantsfontein
Gauteng,City of Ekurhuleni Metropolitan,Springs
Gauteng,City of Ekurhuleni Metropolitan,Tembisa
Gauteng,City of Ekurhuleni Metropolitan,Tokoza
Gauteng,City of Ekurhuleni Metropolitan,Vosloorus
Gauteng,City of Ekurhuleni Metropolitan,Vorsterkroon 
Gauteng,City of Johannesburg Metropolitan,Alexandra
Gauteng,City of Johannesburg Metropolitan,Diepkloof
Gauteng,City of Johannesburg Metropolitan,Diepsloot
Gauteng,City of Johannesburg Metropolitan,Ennerdale
Gauteng,City of Johannesburg Metropolitan,Johannesburg
Gauteng,City of Johannesburg Metropolitan,Johannesburg South
Gauteng,City of Johannesburg Metropolitan,Lawley
Gauteng,City of Johannesburg Metropolitan,Lenasia
Gauteng,City of Johannesburg Metropolitan,Lenasia South
Gauteng,City of Johannesburg Metropolitan,Meadowlands East
Gauteng,City of Johannesburg Metropolitan,Meadowlands West
Gauteng,City of Johannesburg Metropolitan,Midrand
Gauteng,City of Johannesburg Metropolitan,Orange Farm
Gauteng,City of Johannesburg Metropolitan,Pimville
Gauteng,City of Johannesburg Metropolitan,Randburg
Gauteng,City of Johannesburg Metropolitan,Roodepoort
Gauteng,City of Johannesburg Metropolitan,Sandton
Gauteng,City of Johannesburg Metropolitan,Soweto
Gauteng,City of Tshwane Metropolitan,Akasia
Gauteng,City of Tshwane Metropolitan,Atteridgeville
Gauteng,City of Tshwane Metropolitan,Bronkhorstspruit
Gauteng,City of Tshwane Metropolitan,Centurion
Gauteng,City of Tshwane Metropolitan,Cullinan
Gauteng,City of Tshwane Metropolitan,Ekangala
Gauteng,City of Tshwane Metropolitan,Ga-Rankuwa
Gauteng,City of Tshwane Metropolitan,Garsfontein
Gauteng,City of Tshwane Metropolitan,Hammanskraal
Gauteng,City of Tshwane Metropolitan,Irene
Gauteng,City of Tshwane Metropolitan,Kudube
Gauteng,City of Tshwane Metropolitan,Mabopane
Gauteng,City of Tshwane Metropolitan,Mamelodi
Gauteng,City of Tshwane Metropolitan,Pretoria
Gauteng,City of Tshwane Metropolitan,Pretoria North
Gauteng,City of Tshwane Metropolitan,Rayton
Gauteng,City of Tshwane Metropolitan,Refilwe
Gauteng,City of Tshwane Metropolitan,Roodeplaat
Gauteng,City of Tshwane Metropolitan,Soshanguve
Gauteng,City of Tshwane Metropolitan,Temba
Gauteng,City of Tshwane Metropolitan,Winterveldt
Gauteng,Sedibeng District,De Deur/Walkerville
Gauteng,Sedibeng District,Devon
Gauteng,Sedibeng District,Eikenhof
Gauteng,Sedibeng District,Evaton
Gauteng,Sedibeng District,Heidelberg
Gauteng,Sedibeng District,Meyerton
Gauteng,Sedibeng District,Nigel
Gauteng,Sedibeng District,Sebokeng
Gauteng,Sedibeng District,Vaal Marina
Gauteng,Sedibeng District,Vaal Oewer
Gauteng,Sedibeng District,Vanderbijlpark
Gauteng,Sedibeng District,Vereeniging
Gauteng,Sedibeng District,Vischkuil
Gauteng,West Rand District,Carletonville
Gauteng,West Rand District,Fochville
Gauteng,West Rand District,Krugersdorp
Gauteng,West Rand District,Magaliesburg
Gauteng,West Rand District,Muldersdrift
Gauteng,West Rand District,Randfontein
Gauteng,West Rand District,Wedela
Gauteng,West Rand District,Westonaria
KwaZulu Natal,eThekwini Metropolitan,Amalanga
KwaZulu Natal,eThekwini Metropolitan,Amanzimtoti
KwaZulu Natal,eThekwini Metropolitan,Amaotana
KwaZulu Natal,eThekwini Metropolitan,Berea
KwaZulu Natal,eThekwini Metropolitan,Blackburn
KwaZulu Natal,eThekwini Metropolitan,Bluff
KwaZulu Natal,eThekwini Metropolitan,Cato Ridge
KwaZulu Natal,eThekwini Metropolitan,Cele/Vumengazi
KwaZulu Natal,eThekwini Metropolitan,Chatsworth
KwaZulu Natal,eThekwini Metropolitan,Cibane
KwaZulu Natal,eThekwini Metropolitan,Clermont
KwaZulu Natal,eThekwini Metropolitan,Clifton Canyon
KwaZulu Natal,eThekwini Metropolitan,Craigieburn
KwaZulu Natal,eThekwini Metropolitan,Dassenhoek
KwaZulu Natal,eThekwini Metropolitan,Desainager
KwaZulu Natal,eThekwini Metropolitan,Durban
KwaZulu Natal,eThekwini Metropolitan,Durban International Airport
KwaZulu Natal,eThekwini Metropolitan,Durban North
KwaZulu Natal,eThekwini Metropolitan,Durban South
KwaZulu Natal,eThekwini Metropolitan,Emalangeni
KwaZulu Natal,eThekwini Metropolitan,Embo/Nksa Isimahla
KwaZulu Natal,eThekwini Metropolitan,Emona,Ethekwini
KwaZulu Natal,eThekwini Metropolitan,Everton
KwaZulu Natal,eThekwini Metropolitan,Ezembeni
KwaZulu Natal,eThekwini Metropolitan,Folweni
KwaZulu Natal,eThekwini Metropolitan,Gcumisa
KwaZulu Natal,eThekwini Metropolitan,Genazzano
KwaZulu Natal,eThekwini Metropolitan,Gillitts
KwaZulu Natal,eThekwini Metropolitan,Glenashley
KwaZulu Natal,eThekwini Metropolitan,Golokodo-Ensimbini
KwaZulu Natal,eThekwini Metropolitan,Hambanathi
KwaZulu Natal,eThekwini Metropolitan,Hammarsdale
KwaZulu Natal,eThekwini Metropolitan,Hillcrest
KwaZulu Natal,eThekwini Metropolitan,Ilanga
KwaZulu Natal,eThekwini Metropolitan,Ilfracombe
KwaZulu Natal,eThekwini Metropolitan,Illovo North
KwaZulu Natal,eThekwini Metropolitan,Illovo South
KwaZulu Natal,eThekwini Metropolitan,Inanda
KwaZulu Natal,eThekwini Metropolitan,Inchanga
KwaZulu Natal,eThekwini Metropolitan,Iqadi
KwaZulu Natal,eThekwini Metropolitan,Isipingo
KwaZulu Natal,eThekwini Metropolitan,Isipingo Beach
KwaZulu Natal,eThekwini Metropolitan,Kingsburgh
KwaZulu Natal,eThekwini Metropolitan,Klaarwater
KwaZulu Natal,eThekwini Metropolitan,Kloof
KwaZulu Natal,eThekwini Metropolitan,KwaDabeka
KwaZulu Natal,eThekwini Metropolitan,KwaMashu
KwaZulu Natal,eThekwini Metropolitan,KwaNdengezi
KwaZulu Natal,eThekwini Metropolitan,La Mercy
KwaZulu Natal,eThekwini Metropolitan,Lotus Park
KwaZulu Natal,eThekwini Metropolitan,Luganda
KwaZulu Natal,eThekwini Metropolitan,Luthuli/Umnini Trust
KwaZulu Natal,eThekwini Metropolitan,Magabeni
KwaZulu Natal,eThekwini Metropolitan,Malagazi
KwaZulu Natal,eThekwini Metropolitan,Mangangeni/Vumazonke
KwaZulu Natal,eThekwini Metropolitan,Maphephetha
KwaZulu Natal,eThekwini Metropolitan,Mariannhill
KwaZulu Natal,eThekwini Metropolitan,Mawotana
KwaZulu Natal,eThekwini Metropolitan,Mawothi
KwaZulu Natal,eThekwini Metropolitan,Molweni
KwaZulu Natal,eThekwini Metropolitan,Mount Edgecombe
KwaZulu Natal,eThekwini Metropolitan,Mount Moreland
KwaZulu Natal,eThekwini Metropolitan,Mpolo
KwaZulu Natal,eThekwini Metropolitan,Mpumalanga
KwaZulu Natal,eThekwini Metropolitan,New Germany
KwaZulu Natal,eThekwini Metropolitan,Newlands East
KwaZulu Natal,eThekwini Metropolitan,Newlands West
KwaZulu Natal,eThekwini Metropolitan,Ngcolosi
KwaZulu Natal,eThekwini Metropolitan,Ngqungqulu
KwaZulu Natal,eThekwini Metropolitan,Ntuzuma
KwaZulu Natal,eThekwini Metropolitan,Oceans
KwaZulu Natal,eThekwini Metropolitan,Outer West Durban
KwaZulu Natal,eThekwini Metropolitan,Phoenix
KwaZulu Natal,eThekwini Metropolitan,Pinetown
KwaZulu Natal,eThekwini Metropolitan,Prospecton
KwaZulu Natal,eThekwini Metropolitan,Qadi
KwaZulu Natal,eThekwini Metropolitan,Qiniselani Manyuswa
KwaZulu Natal,eThekwini Metropolitan,Queensburgh
KwaZulu Natal,eThekwini Metropolitan,Redcliffe
KwaZulu Natal,eThekwini Metropolitan,Roseneath
KwaZulu Natal,eThekwini Metropolitan,Sapref
KwaZulu Natal,eThekwini Metropolitan,Shallcross
KwaZulu Natal,eThekwini Metropolitan,Sobonakhona
KwaZulu Natal,eThekwini Metropolitan,Thoyana
KwaZulu Natal,eThekwini Metropolitan,Tongaat
KwaZulu Natal,eThekwini Metropolitan,Tongaat Beach
KwaZulu Natal,eThekwini Metropolitan,Tshelimnyama
KwaZulu Natal,eThekwini Metropolitan,UmgogintwiniUmbumbulu
KwaZulu Natal,eThekwini Metropolitan,Umdloti
KwaZulu Natal,eThekwini Metropolitan,Umgababa
KwaZulu Natal,eThekwini Metropolitan,Umhlanga
KwaZulu Natal,eThekwini Metropolitan,Umkomaas
KwaZulu Natal,eThekwini Metropolitan,Umlazi
KwaZulu Natal,eThekwini Metropolitan,Verulam
KwaZulu Natal,eThekwini Metropolitan,Waterfall
KwaZulu Natal,eThekwini Metropolitan,Westbrook
KwaZulu Natal,eThekwini Metropolitan,Westville
KwaZulu Natal,eThekwini Metropolitan,Ximba
KwaZulu Natal,Amajuba District,Charlestown
KwaZulu Natal,Amajuba District,Dannhauser
KwaZulu Natal,Amajuba District,Hattingspruit
KwaZulu Natal,Amajuba District,Newcastle
KwaZulu Natal,Amajuba District,Utrecht
KwaZulu Natal,Harry Gwala District,Creighton
KwaZulu Natal,Harry Gwala District,Himeville
KwaZulu Natal,Harry Gwala District,Ixopo
KwaZulu Natal,Harry Gwala District,Kokstad
KwaZulu Natal,Harry Gwala District,Underberg
KwaZulu Natal,Harry Gwala District,uMzimkhulu
KwaZulu Natal,iLembe District,Dolphin Coast/Ballito
KwaZulu Natal,iLembe District,Isithebe
KwaZulu Natal,iLembe District,KwaDukuza
KwaZulu Natal,iLembe District,Mandeni
KwaZulu Natal,iLembe District,Ndwedwe
KwaZulu Natal,iLembe District,Nkwazi/Zinkwazi Beach
KwaZulu Natal,King Cetshwayo District,Empangeni
KwaZulu Natal,King Cetshwayo District,Eshowe
KwaZulu Natal,King Cetshwayo District,KwaGingindlovu
KwaZulu Natal,King Cetshwayo District,KwaMbonambi
KwaZulu Natal,King Cetshwayo District,Mtunzini
KwaZulu Natal,King Cetshwayo District,Nkandla
KwaZulu Natal,King Cetshwayo District,Ntambanana
KwaZulu Natal,King Cetshwayo District,Richards Bay
KwaZulu Natal,King Cetshwayo District,eMthonjaneni (Melmoth)
KwaZulu Natal,Ugu District,Harding
KwaZulu Natal,Ugu District,Hibberdene
KwaZulu Natal,Ugu District,Margate
KwaZulu Natal,Ugu District,Pennington
KwaZulu Natal,Ugu District,Port Edward
KwaZulu Natal,Ugu District,Port Shepstone
KwaZulu Natal,Ugu District,Scottburgh/Umzinto North
KwaZulu Natal,Ugu District,Southbroom
KwaZulu Natal,uMgungundlovu District,Ashburton
KwaZulu Natal,uMgungundlovu District,Camperdown
KwaZulu Natal,uMgungundlovu District,Cool Air
KwaZulu Natal,uMgungundlovu District,Dalton
KwaZulu Natal,uMgungundlovu District,Hilton
KwaZulu Natal,uMgungundlovu District,Howick
KwaZulu Natal,uMgungundlovu District,Impendle
KwaZulu Natal,uMgungundlovu District,Mooi River
KwaZulu Natal,uMgungundlovu District,New Hanover
KwaZulu Natal,uMgungundlovu District,Pietermaritzburg
KwaZulu Natal,uMgungundlovu District,Richmond
KwaZulu Natal,uMgungundlovu District,Wartburg
KwaZulu Natal,uMkhanyakude District,Hlabisa
KwaZulu Natal,uMkhanyakude District,Hluhluwe
KwaZulu Natal,uMkhanyakude District,Ingwavuma
KwaZulu Natal,uMkhanyakude District,Jozini
KwaZulu Natal,uMkhanyakude District,Mbazwana
KwaZulu Natal,uMkhanyakude District,Mkuze
KwaZulu Natal,uMkhanyakude District,Mtubatuba
KwaZulu Natal,uMkhanyakude District,St Lucia
KwaZulu Natal,uMzinyathi District,Dundee
KwaZulu Natal,uMzinyathi District,Glencoe
KwaZulu Natal,uMzinyathi District,Greytown
KwaZulu Natal,uMzinyathi District,Kranskop
KwaZulu Natal,uMzinyathi District,Nquthu
KwaZulu Natal,uMzinyathi District,Pomeroy
KwaZulu Natal,uThukela District,Bergville
KwaZulu Natal,uThukela District,Cathkin Park
KwaZulu Natal,uThukela District,Colenso
KwaZulu Natal,uThukela District,Estcourt
KwaZulu Natal,uThukela District,Van Reenen
KwaZulu Natal,uThukela District,Weenen
KwaZulu Natal,uThukela District,Winterton
KwaZulu Natal,uThukela District,uMnambithi (Ladysmith)
KwaZulu Natal,Zululand District,Louwsburg
KwaZulu Natal,Zululand District,Nongoma
KwaZulu Natal,Zululand District,Paulpietersburg
KwaZulu Natal,Zululand District,Pongola
KwaZulu Natal,Zululand District,Ulundi
KwaZulu Natal,Zululand District,Vryheid
Limpompo,Capricorn District,Alldays
Limpompo,Capricorn District,Dendron
Limpompo,Capricorn District,Morebeng (Soekmekaar)
Limpompo,Capricorn District,Polokwane
Limpompo,Capricorn District,Senwabarwana (Bochum)
Limpompo,Capricorn District,Zebediela
Limpompo,Mopani District,Giyani
Limpompo,Mopani District,Gravelotte
Limpompo,Mopani District,Haenertsburg
Limpompo,Mopani District,Hoedspruit
Limpompo,Mopani District,Leydsdorp
Limpompo,Mopani District,Modjadjiskloof
Limpompo,Mopani District,Tzaneen
Limpompo,Sekhukhune District,Burgersfort
Limpompo,Sekhukhune District,Groblersdal
Limpompo,Sekhukhune District,Marble Hall
Limpompo,Sekhukhune District,Ohrigstad
Limpompo,Sekhukhune District,Roossenekal
Limpompo,Sekhukhune District,Schuinsdraai Nature Reserve
Limpompo,Sekhukhune District,Steelpoort
Limpompo,Vhembe District,Makhado
Limpompo,Vhembe District,Malamulele
Limpompo,Vhembe District,Musina
Limpompo,Vhembe District,Thohoyandou
Limpompo,Waterberg District,Amandelbult Mine Town
Limpompo,Waterberg District,Bela-Bela
Limpompo,Waterberg District,Lephalale
Limpompo,Waterberg District,Modimolle
Limpompo,Waterberg District,Mokopane (Potgietersrus)
Limpompo,Waterberg District,Mookgophong (Naboomspruit)
Limpompo,Waterberg District,Pienaarsrivier
Limpompo,Waterberg District,Thabazimbi
Limpompo,Waterberg District,Vaalwater
Mpumalanga,Ehlanzeni District,Barberton
Mpumalanga,Ehlanzeni District,Emoyeni
Mpumalanga,Ehlanzeni District,Entokozweni
Mpumalanga,Ehlanzeni District,Graskop
Mpumalanga,Ehlanzeni District,Hazyview
Mpumalanga,Ehlanzeni District,Kaapschehoop
Mpumalanga,Ehlanzeni District,Kabokweni
Mpumalanga,Ehlanzeni District,Kanyamazane
Mpumalanga,Ehlanzeni District,Komatipoort
Mpumalanga,Ehlanzeni District,Luphisi
Mpumalanga,Ehlanzeni District,Lydenburg
Mpumalanga,Ehlanzeni District,Malalane
Mpumalanga,Ehlanzeni District,Marloth Park
Mpumalanga,Ehlanzeni District,Mashishing
Mpumalanga,Ehlanzeni District,Matsulu
Mpumalanga,Ehlanzeni District,Mbombela
Mpumalanga,Ehlanzeni District,Mpakeni
Mpumalanga,Ehlanzeni District,Msogwaba
Mpumalanga,Ehlanzeni District,Ngodwana
Mpumalanga,Ehlanzeni District,Pilgrim's Rest
Mpumalanga,Ehlanzeni District,Sabie
Mpumalanga,Ehlanzeni District,Sabie Park
Mpumalanga,Ehlanzeni District,Skukuza
Mpumalanga,Ehlanzeni District,Tekwane
Mpumalanga,Ehlanzeni District,White River
Mpumalanga,Gert Sibande District,Amersfoort
Mpumalanga,Gert Sibande District,Balfour
Mpumalanga,Gert Sibande District,Bethal
Mpumalanga,Gert Sibande District,Breyten
Mpumalanga,Gert Sibande District,Carolina
Mpumalanga,Gert Sibande District,Charl Cilliers
Mpumalanga,Gert Sibande District,Chrissiesmeer
Mpumalanga,Gert Sibande District,Davel
Mpumalanga,Gert Sibande District,Ekulindeni
Mpumalanga,Gert Sibande District,Embalenhle
Mpumalanga,Gert Sibande District,Empuluzi
Mpumalanga,Gert Sibande District,Ermelo
Mpumalanga,Gert Sibande District,Evander
Mpumalanga,Gert Sibande District,Greylingstad
Mpumalanga,Gert Sibande District,Grootvlei
Mpumalanga,Gert Sibande District,Kinross
Mpumalanga,Gert Sibande District,Leandra
Mpumalanga,Gert Sibande District,Lothair
Mpumalanga,Gert Sibande District,Morgenzon
Mpumalanga,Gert Sibande District,Perdekop
Mpumalanga,Gert Sibande District,Secunda
Mpumalanga,Gert Sibande District,Standerton
Mpumalanga,Gert Sibande District,Trichardt
Mpumalanga,Gert Sibande District,Volksrust
Mpumalanga,Gert Sibande District,Wakkerstroom
Mpumalanga,Gert Sibande District,eManzana
Mpumalanga,Gert Sibande District,eMkhondo (Piet Retief)
Mpumalanga,Gert Sibande District,eMvelo (Amsterdam)
Mpumalanga,Nkangala District,Delmas
Mpumalanga,Nkangala District,Dullstroom
Mpumalanga,Nkangala District,Emgwenya (Waterval Boven)
Mpumalanga,Nkangala District,Hendrina
Mpumalanga,Nkangala District,Kriel
Mpumalanga,Nkangala District,KwaMhlanga
Mpumalanga,Nkangala District,Mdala Nature Reserve
Mpumalanga,Nkangala District,Middelburg
Mpumalanga,Nkangala District,Ogies
Mpumalanga,Nkangala District,Phola
Mpumalanga,Nkangala District,Pullens Hope
Mpumalanga,Nkangala District,Rietkuil
Mpumalanga,Nkangala District,eMakhazeni
Mpumalanga,Nkangala District,eMalahleni
Mpumalanga,Nkangala District,eNtokozweni (Machadodorp)
North West,Bojanala Platinum District,Brits
North West,Bojanala Platinum District,Derby
North West,Bojanala Platinum District,Hartbeesfontein-A
North West,Bojanala Platinum District,Hartbeespoort
North West,Bojanala Platinum District,Koster
North West,Bojanala Platinum District,Madikwe
North West,Bojanala Platinum District,Marikana
North West,Bojanala Platinum District,Mooinooi
North West,Bojanala Platinum District,Phatsima
North West,Bojanala Platinum District,Rustenburg
North West,Bojanala Platinum District,Swartruggens
North West,Bojanala Platinum District,Tlhabane
North West,John Taolo Gaetsewe District,Bankhara-Bodulong
North West,John Taolo Gaetsewe District,Deben
North West,John Taolo Gaetsewe District,Hotazel
North West,John Taolo Gaetsewe District,Kathu
North West,John Taolo Gaetsewe District,Kuruman
North West,John Taolo Gaetsewe District,Mothibistad
North West,John Taolo Gaetsewe District,Olifantshoek
North West,John Taolo Gaetsewe District,Santoy
North West,John Taolo Gaetsewe District,Van Zylsrus
North West,Namakwa District,Aggeneys
North West,Namakwa District,Alexander Bay
North West,Namakwa District,Brandvlei
North West,Namakwa District,Bulletrap
North West,Namakwa District,Calvinia
North West,Namakwa District,Carolusberg
North West,Namakwa District,Concordia
North West,Namakwa District,Eksteensfontein
North West,Namakwa District,Frasersburg
North West,Namakwa District,Garies
North West,Namakwa District,Hondeklip Bay
North West,Namakwa District,Kamieskroon
North West,Namakwa District,Kleinzee
North West,Namakwa District,Koingnaas
North West,Namakwa District,Komaggas
North West,Namakwa District,Kuboes
North West,Namakwa District,Leliefontein/Kamiesberg
North West,Namakwa District,Loeriesfontein
North West,Namakwa District,Middelpos
North West,Namakwa District,Nababeep
North West,Namakwa District,Nieuwoudtville
North West,Namakwa District,O'Kiep
North West,Namakwa District,Onderste Doorns
North West,Namakwa District,Pella
North West,Namakwa District,Pofadder
North West,Namakwa District,Port Nolloth
North West,Namakwa District,Richtersveld
North West,Namakwa District,Sanddrift
North West,Namakwa District,Springbok
North West,Namakwa District,Steinkopf
North West,Namakwa District,Sutherland
North West,Namakwa District,Williston
North West,Pixley Ka Seme District,Britstown
North West,Pixley Ka Seme District,Campbell
North West,Pixley Ka Seme District,Carnarvon
North West,Pixley Ka Seme District,Colesberg
North West,Pixley Ka Seme District,Copperton
North West,Pixley Ka Seme District,De Aar
North West,Pixley Ka Seme District,Douglas
North West,Pixley Ka Seme District,Griekwastad
North West,Pixley Ka Seme District,Hanover
North West,Pixley Ka Seme District,Hopetown
North West,Pixley Ka Seme District,Hutchinson
North West,Pixley Ka Seme District,Loxton
North West,Pixley Ka Seme District,Marydale
North West,Pixley Ka Seme District,Niekerkshoop
North West,Pixley Ka Seme District,Norvalspont
North West,Pixley Ka Seme District,Noupoort
North West,Pixley Ka Seme District,Petrusville
North West,Pixley Ka Seme District,Philipstown
North West,Pixley Ka Seme District,Prieska
North West,Pixley Ka Seme District,Richmond
North West,Pixley Ka Seme District,Schmidtsdrif
North West,Pixley Ka Seme District,Strydenburg
North West,Pixley Ka Seme District,Van der Kloof
North West,Pixley Ka Seme District,Vanwyksvlei
North West,Pixley Ka Seme District,Victoria West
North West,Pixley Ka Seme District,Vosburg
North West,ZF Mgcawu District,Beeshoek
North West,ZF Mgcawu District,Brandboom
North West,ZF Mgcawu District,Danielskuil
North West,ZF Mgcawu District,Eksteenskuil
North West,ZF Mgcawu District,Groblershoop
North West,ZF Mgcawu District,Kakamas
North West,ZF Mgcawu District,Keimoes
North West,ZF Mgcawu District,Kenhardt
North West,ZF Mgcawu District,Lime Acres
North West,ZF Mgcawu District,Mier
North West,ZF Mgcawu District,Postmasburg
North West,ZF Mgcawu District,Rietfontein
North West,ZF Mgcawu District,Upington
Northern Cape,Frances Baard District,Barkly West
Northern Cape,Frances Baard District,Delportshoop
Northern Cape,Frances Baard District,Hartswater
Northern Cape,Frances Baard District,Jan Kempdorp
Northern Cape,Frances Baard District,Kimberley
Northern Cape,Frances Baard District,Pampierstat
Northern Cape,Frances Baard District,Ritchie
Northern Cape,Frances Baard District,Warrenton
Northern Cape,Frances Baard District,Windsorton
Northern Cape,Dr Kenneth Kaunda District,Hartbeesfontein
Northern Cape,Dr Kenneth Kaunda District,Klerksdorp
Northern Cape,Dr Kenneth Kaunda District,Leeudoringstad
Northern Cape,Dr Kenneth Kaunda District,Makwassie
Northern Cape,Dr Kenneth Kaunda District,Orkney
Northern Cape,Dr Kenneth Kaunda District,Potchefstroom
Northern Cape,Dr Kenneth Kaunda District,Stilfontein
Northern Cape,Dr Kenneth Kaunda District,Ventersdorp
Northern Cape,Dr Kenneth Kaunda District,Witpoort
Northern Cape,Dr Kenneth Kaunda District,Wolmaransstad
Northern Cape,Dr Ruth Segomotsi Mompati District,Amalia
Northern Cape,Dr Ruth Segomotsi Mompati District,Bloemhof
Northern Cape,Dr Ruth Segomotsi Mompati District,Christiana
Northern Cape,Dr Ruth Segomotsi Mompati District,Piet Plessis
Northern Cape,Dr Ruth Segomotsi Mompati District,Pomfret
Northern Cape,Dr Ruth Segomotsi Mompati District,Pudimoe
Northern Cape,Dr Ruth Segomotsi Mompati District,Reivilo
Northern Cape,Dr Ruth Segomotsi Mompati District,Schweizer-Reneke
Northern Cape,Dr Ruth Segomotsi Mompati District,Stella
Northern Cape,Dr Ruth Segomotsi Mompati District,Taung
Northern Cape,Dr Ruth Segomotsi Mompati District,Vryburg
Northern Cape,Ngaka Modiri Molema District,Biesiesvlei
Northern Cape,Ngaka Modiri Molema District,Coligny
Northern Cape,Ngaka Modiri Molema District,Delareyville
Northern Cape,Ngaka Modiri Molema District,Disaneng
Northern Cape,Ngaka Modiri Molema District,Groot Marico
Northern Cape,Ngaka Modiri Molema District,Kraaipan
Northern Cape,Ngaka Modiri Molema District,Lichtenburg
Northern Cape,Ngaka Modiri Molema District,Madibogo
Northern Cape,Ngaka Modiri Molema District,Mahikeng
Northern Cape,Ngaka Modiri Molema District,Mmabatho
Northern Cape,Ngaka Modiri Molema District,Ottosdal
Northern Cape,Ngaka Modiri Molema District,Ottoshoop
Northern Cape,Ngaka Modiri Molema District,Sannieshof
Northern Cape,Ngaka Modiri Molema District,Setlagole
Northern Cape,Ngaka Modiri Molema District,Zeerust
Western Cape,City of Cape Town Metropolitan,Athlone
Western Cape,City of Cape Town Metropolitan,Atlantis
Western Cape,City of Cape Town Metropolitan,Belhar
Western Cape,City of Cape Town Metropolitan,Bellville
Western Cape,City of Cape Town Metropolitan,Blackheath
Western Cape,City of Cape Town Metropolitan,Blouberg
Western Cape,City of Cape Town Metropolitan,Blue Downs
Western Cape,City of Cape Town Metropolitan,Brackenfell
Western Cape,City of Cape Town Metropolitan,Cape Point
Western Cape,City of Cape Town Metropolitan,Cape Town
Western Cape,City of Cape Town Metropolitan,Delft
Western Cape,City of Cape Town Metropolitan,Durbanville
Western Cape,City of Cape Town Metropolitan,Elsies Rivier
Western Cape,City of Cape Town Metropolitan,Fish Hoek
Western Cape,City of Cape Town Metropolitan,Goodwood
Western Cape,City of Cape Town Metropolitan,Gordon's Bay
Western Cape,City of Cape Town Metropolitan,Grassy Park
Western Cape,City of Cape Town Metropolitan,Guguletu
Western Cape,City of Cape Town Metropolitan,Hout Bay
Western Cape,City of Cape Town Metropolitan,Khayelitsha
Western Cape,City of Cape Town Metropolitan,Kommetjie
Western Cape,City of Cape Town Metropolitan,Kraaifontein
Western Cape,City of Cape Town Metropolitan,Kuils River
Western Cape,City of Cape Town Metropolitan,Langa
Western Cape,City of Cape Town Metropolitan,Macassar
Western Cape,City of Cape Town Metropolitan,Matroosfontein
Western Cape,City of Cape Town Metropolitan,Melkbosstrand
Western Cape,City of Cape Town Metropolitan,Milnerton
Western Cape,City of Cape Town Metropolitan,Mitchells Plain
Western Cape,City of Cape Town Metropolitan,Muizenberg
Western Cape,City of Cape Town Metropolitan,Noordhoek
Western Cape,City of Cape Town Metropolitan,Nyanga
Western Cape,City of Cape Town Metropolitan,Parow
Western Cape,City of Cape Town Metropolitan,Philadelphia
Western Cape,City of Cape Town Metropolitan,Philippi
Western Cape,City of Cape Town Metropolitan,Robben Island
Western Cape,City of Cape Town Metropolitan,Scarborough
Western Cape,City of Cape Town Metropolitan,Simon's Town
Western Cape,City of Cape Town Metropolitan,Sir Lowry's Pass
Western Cape,City of Cape Town Metropolitan,Somerset West
Western Cape,City of Cape Town Metropolitan,Southern Suburbs
Western Cape,City of Cape Town Metropolitan,Strand
Western Cape,City of Cape Town Metropolitan,Table View 
Western Cape,Cape Winelands District,Ashton
Western Cape,Cape Winelands District,Bonnievale
Western Cape,Cape Winelands District,Ceres
Western Cape,Cape Winelands District,De Doorns
Western Cape,Cape Winelands District,Franschhoek
Western Cape,Cape Winelands District,Gouda
Western Cape,Cape Winelands District,Klapmuts
Western Cape,Cape Winelands District,McGregor
Western Cape,Cape Winelands District,Montagu
Western Cape,Cape Winelands District,Op-Die-Berg
Western Cape,Cape Winelands District,Paarl
Western Cape,Cape Winelands District,Pniel
Western Cape,Cape Winelands District,Prince Alfred Hamlet
Western Cape,Cape Winelands District,Rawsonville
Western Cape,Cape Winelands District,Robertson
Western Cape,Cape Winelands District,Saron
Western Cape,Cape Winelands District,Stellenbosch
Western Cape,Cape Winelands District,Stellenbosch Farms
Western Cape,Cape Winelands District,Touws River
Western Cape,Cape Winelands District,Tulbagh
Western Cape,Cape Winelands District,Wellington
Western Cape,Cape Winelands District,Wolseley
Western Cape,Cape Winelands District,Worcester
Western Cape,Central Karoo District,Beaufort West
Western Cape,Central Karoo District,Klaarstroom
Western Cape,Central Karoo District,Laingsburg
Western Cape,Central Karoo District,Leeu Gamka
Western Cape,Central Karoo District,Matjiesfontein
Western Cape,Central Karoo District,Merweville
Western Cape,Central Karoo District,Murraysburg
Western Cape,Central Karoo District,Nelspoort
Western Cape,Central Karoo District,Prince Albert
Western Cape,Central Karoo District,Welgemoed
Western Cape,Garden Route District,Albertinia
Western Cape,Garden Route District,Boggoms Bay
Western Cape,Garden Route District,Brandwag
Western Cape,Garden Route District,Brenton
Western Cape,Garden Route District,Brenton-on-Sea
Western Cape,Garden Route District,Buffels Bay
Western Cape,Garden Route District,Calitzdorp
Western Cape,Garden Route District,De Rust
Western Cape,Garden Route District,Dysselsdorp
Western Cape,Garden Route District,Friemersheim
Western Cape,Garden Route District,George
Western Cape,Garden Route District,Gouritsmond
Western Cape,Garden Route District,Great Brak River
Western Cape,Garden Route District,Haarlem
Western Cape,Garden Route District,Heidelberg
Western Cape,Garden Route District,Herbertsdale
Western Cape,Garden Route District,Herolds Bay
Western Cape,Garden Route District,Jongensfontein
Western Cape,Garden Route District,Keurboomstrand
Western Cape,Garden Route District,Knoetzie
Western Cape,Garden Route District,Knysna
Western Cape,Garden Route District,Krantshoek
Western Cape,Garden Route District,Kurland
Western Cape,Garden Route District,Kwanokuthula
Western Cape,Garden Route District,Ladismith
Western Cape,Garden Route District,Mossel Bay
Western Cape,Garden Route District,Nature's Valley
Western Cape,Garden Route District,Oudtshoorn
Western Cape,Garden Route District,Plettenberg Bay
Western Cape,Garden Route District,Rheenendal
Western Cape,Garden Route District,Riversdale
Western Cape,Garden Route District,Sedgefield
Western Cape,Garden Route District,Slangrivier
Western Cape,Garden Route District,Still Bay
Western Cape,Garden Route District,Uniondale
Western Cape,Garden Route District,Vanwyksdorp
Western Cape,Garden Route District,Victoria Bay
Western Cape,Garden Route District,Vleesbaai
Western Cape,Garden Route District,Wilderness
Western Cape,Garden Route District,Witsand
Western Cape,Garden Route District,Wittedrift
Western Cape,Garden Route District,Zoar
Western Cape,Overberg District,Agulhas
Western Cape,Overberg District,Arniston
Western Cape,Overberg District,Barrydale
Western Cape,Overberg District,Betty's Bay
Western Cape,Overberg District,Birkenhead
Western Cape,Overberg District,Bot River
Western Cape,Overberg District,Bredasdorp
Western Cape,Overberg District,Buffeljagsrivier
Western Cape,Overberg District,Caledon/Myddleton
Western Cape,Overberg District,De Kelders
Western Cape,Overberg District,Elim
Western Cape,Overberg District,Fisherhaven
Western Cape,Overberg District,Franskraal
Western Cape,Overberg District,Gansbaai
Western Cape,Overberg District,Genadendal
Western Cape,Overberg District,Grabouw
Western Cape,Overberg District,Greyton
Western Cape,Overberg District,Hawston
Western Cape,Overberg District,Hermanus
Western Cape,Overberg District,Infanta
Western Cape,Overberg District,Kleinmond
Western Cape,Overberg District,Klipdale
Western Cape,Overberg District,Malagas
Western Cape,Overberg District,Napier
Western Cape,Overberg District,Onrus
Western Cape,Overberg District,Pearly Beach
Western Cape,Overberg District,Pringle Bay
Western Cape,Overberg District,Protem
Western Cape,Overberg District,Riviersonderend
Western Cape,Overberg District,Rooi-Els
Western Cape,Overberg District,Sandbaai
Western Cape,Overberg District,Stanford
Western Cape,Overberg District,Struis Bay
Western Cape,Overberg District,Suiderstrand
Western Cape,Overberg District,Suurbraak
Western Cape,Overberg District,Swellendam
Western Cape,Overberg District,Theewaterskloof
Western Cape,Overberg District,Van Dyksbaai
Western Cape,Overberg District,Vermont
Western Cape,Overberg District,Villiersdorp
Western Cape,West Coast District,Abbotsdale
Western Cape,West Coast District,Aurora
Western Cape,West Coast District,Bitterfontein
Western Cape,West Coast District,Chatsworth
Western Cape,West Coast District,Citrusdal
Western Cape,West Coast District,Clanwilliam
Western Cape,West Coast District,Darling
Western Cape,West Coast District,Doring Bay
Western Cape,West Coast District,Ebenhaezer
Western Cape,West Coast District,Eendekuil
Western Cape,West Coast District,Elands Bay
Western Cape,West Coast District,Graafwater
Western Cape,West Coast District,Grotto Bay
Western Cape,West Coast District,Hopefield
Western Cape,West Coast District,Jacobsaai
Western Cape,West Coast District,Kalbaskraal
Western Cape,West Coast District,Klawer
Western Cape,West Coast District,Kliprand
Western Cape,West Coast District,Koekenaa
Western Cape,West Coast District,Koringberg
Western Cape,West Coast District,Lamberts Bay
Western Cape,West Coast District,Langebaan
Western Cape,West Coast District,Leipoldtville
Western Cape,West Coast District,Lutzville
Western Cape,West Coast District,Malmesbury
Western Cape,West Coast District,Molsvlei
Western Cape,West Coast District,Moorreesburg
Western Cape,West Coast District,Nuwerus
Western Cape,West Coast District,Paternoster
Western Cape,West Coast District,Piketberg
Western Cape,West Coast District,Porterville
Western Cape,West Coast District,Putsekloof
Western Cape,West Coast District,Redelinghuys
Western Cape,West Coast District,Riebeeck Kasteel
Western Cape,West Coast District,Riebeeck West
Western Cape,West Coast District,Rietpoort
Western Cape,West Coast District,Riverlands
Western Cape,West Coast District,Saldanha
Western Cape,West Coast District,St Helena Bay
Western Cape,West Coast District,Stofkraal
Western Cape,West Coast District,Strandfontein
Western Cape,West Coast District,Vanrhynsdorp
Western Cape,West Coast District,Velddrif
Western Cape,West Coast District,Vredenburg
Western Cape,West Coast District,Vredendal
Western Cape,West Coast District,Wupperthal
Western Cape,West Coast District,Yzerfontein
